{"cameraMode":{"drawMode":0,"name":"Shaded","section":"Shading Mode"},"sceneLighting":true,"audioPlay":false,"sceneViewState":{"m_AlwaysRefresh":false,"showFog":true,"showSkybox":true,"showFlares":true,"showImageEffects":true,"showParticleSystems":true,"showVisualEffectGraphs":true,"m_FxEnabled":true},"in2DMode":false,"pivot":{"x":-14.97514820098877,"y":6.384485244750977,"z":12.138579368591309},"rotation":{"x":0.01502726599574089,"y":0.9726517200469971,"z":-0.06575339287519455,"w":0.22229446470737458},"size":6.998713493347168,"orthographic":false}